Label,Name,SAMPLE_2_10,SAMPLE_2_2,SAMPLE_2_3,SAMPLE_2_4,SAMPLE_2_5,SAMPLE_2_6,SAMPLE_2_7,SAMPLE_2_8,SAMPLE_2_9,SAMPLE_3_10,SAMPLE_3_2,SAMPLE_3_3,SAMPLE_3_4,SAMPLE_3_5,SAMPLE_3_6,SAMPLE_3_7,SAMPLE_3_8,SAMPLE_3_9,SAMPLE_4_10,SAMPLE_4_2,SAMPLE_4_3,SAMPLE_4_4,SAMPLE_4_5,SAMPLE_4_6,Formula
C12 PARENT,Glycine,1527025,597881,1493731,687785.4,4115360,4215435,3682243,1085598,1216425,1047630,559133.9,470135.1,545311.4,3768813,4573276,4374302,1435179,1153084,1195179,346971.3,490350.6,890309.2,4625492,4537402,C2H5NO2
C13-label-1,Glycine,50854.17,9897.348,51972.72,20836.44,114421.2,115992.7,106902.2,34020.14,53292.33,62087.08,22136.6,17818.27,25099.05,96397.69,128556.2,115259.8,64749.72,56709.27,19888.64,4149.103,6298.243,24053.49,115663.5,98939.13,C2H5NO2
C13-label-2,Glycine,0,0,0,0,0,0,0,0,0,0,0,0,0,0,0,0,0,0,0,0,0,0,0,0,C2H5NO2
C12 PARENT,Pyruvic acid,260324.9,0,287515.1,278947.8,267359.3,0,277698,238459.6,300171.8,268835,261086,0,0,306880,287311.5,249407.5,242309.2,0,0,0,0,298470.8,269028.1,0,C3H4O3
C13-label-1,Pyruvic acid,0,0,7354.636,0,0,0,0,0,0,0,0,0,0,0,11780.98,0,0,0,0,0,0,0,0,0,C3H4O3
C13-label-2,Pyruvic acid,0,0,0,0,0,0,0,0,0,0,0,0,0,0,0,0,0,0,0,0,0,0,0,0,C3H4O3
C13-label-3,Pyruvic acid,0,0,0,0,0,0,0,0,0,0,0,0,0,0,0,0,0,0,0,0,0,0,0,0,C3H4O3
C12 PARENT,L-Alanine,1398106,978966.1,2164382,1042137,1502279,1795525,1529756,806529.1,923206.5,877098.7,812827.9,504623.9,730126.1,1363320,1508379,1615427,1827115,876162.5,1058516,562008.9,755521.8,1732436,1646096,1838709,C3H7NO2
C13-label-1,L-Alanine,56777.94,54017.71,87004.96,49665.33,91123.5,77285.8,77817.62,34845.15,31761.62,269742.1,267802.8,254214.5,250231.4,637686.9,620222.2,701240.9,314179,303406.3,32825.83,12860.18,6121.014,64032.66,77993.39,65396.98,C3H7NO2
C13-label-2,L-Alanine,160429.3,103712.1,120775.4,117618.4,317565.2,243689.5,260352.9,142700.8,124979.2,12763.67,3878.915,9258.876,11294.11,6546.265,7960.321,28955.24,5290.435,7104.564,0,0,0,0,4298.089,0,C3H7NO2
C13-label-3,L-Alanine,0,7160.833,2508.446,4915.629,5873.922,0,5701.408,0,0,0,0,0,0,0,0,6651.545,0,0,0,0,3783.951,0,7845.431,5236.364,C3H7NO2
C12 PARENT,L-Lactic acid,17000000,33000000,85100000,32100000,41900000,43700000,56300000,15700000,15900000,9232108,17700000,16300000,19000000,17300000,25000000,28700000,16900000,13300000,21100000,25300000,30500000,35600000,70500000,71200000,C3H6O3
C13-label-1,L-Lactic acid,985443.7,2139962,4056523,2079239,3618477,3468629,3986538,957257.3,914428.7,9268623,12700000,10700000,10900000,53500000,57300000,56000000,8420891,9461305,805479.8,983360.5,1245431,1497974,2924623,2826834,C3H6O3
C13-label-2,L-Lactic acid,6040800,7590400,6788962,7167790,33400000,32100000,32000000,4951864,5538754,313597,879599.7,773847.2,750075.8,2278033,2468434,2457605,348452.4,383464.4,127583.5,42788.09,155020,205634.1,240376.5,170996.3,C3H6O3
C13-label-3,L-Lactic acid,143973.7,571348.8,525581.3,538649.7,1208367,1054543,1091668,113159.8,83177.73,8130.419,108610.7,103602,110151.8,188172.7,198267.3,178020.1,6480.461,31757.7,76398.26,234146,267693.6,296065,664483.4,527762.1,C3H6O3
C12 PARENT,L-Serine,1878980,2033442,8258700,2223285,2605953,3398011,2905972,1013362,1196288,1288080,1755243,1091017,1811841,2627513,3129816,3320643,4526482,1621036,1529619,1003456,1205695,2746098,2787555,3091970,C3H7NO3
C13-label-1,L-Serine,80513.45,67145.21,265934.9,86972.02,81188.93,126722.1,85912.77,38183.94,39915.91,108714.6,92854.62,77405.91,97641.31,111853.6,120426.6,122328.7,197175.3,117515.4,44401.53,34309.39,51340.95,100077,91777.79,112921.2,C3H7NO3
C13-label-2,L-Serine,35510.25,11559.52,51296.06,13306.65,12298.1,15546.92,0,34166.33,32105.57,2804.729,6566.012,2644.654,4366.578,5217.476,7435.006,8555.667,16516.7,3446.505,3158.769,2898.489,2812.263,9855.636,6716.855,12737.77,C3H7NO3
C13-label-3,L-Serine,0,0,0,0,0,0,0,0,0,0,0,0,0,0,0,0,0,0,0,0,0,0,0,0,C3H7NO3
C12 PARENT,Glyceric acid,1398985,893591.1,1320473,1215443,1077211,1186458,900379.2,1243702,1382905,1391087,997996.8,1049954,1011080,962295.2,1140189,1108968,1165252,1330986,1377011,1052006,1337073,1125120,1028211,1259046,C3H6O4
C13-label-1,Glyceric acid,54397.28,13135.46,31754.71,22010.1,13559.96,48806.29,9974.049,12697.88,26218.1,44530.47,50208.68,34686.82,65785.7,129935.6,119435.7,131162.2,32423.39,33011.91,31165.03,10627.77,33555.64,59057.56,8440.739,29818.77,C3H6O4
C13-label-2,Glyceric acid,10650.4,0,8999.771,6959.461,37220.07,34593.2,16889.77,7965.785,10314.32,7711.373,0,0,0,0,0,0,15008.81,0,0,7281.578,0,0,0,0,C3H6O4
C13-label-3,Glyceric acid,0,0,0,0,0,0,0,0,0,0,0,0,0,0,0,0,0,0,0,0,0,0,0,0,C3H6O4
C12 PARENT,Uracil,88276.95,71384.62,67149.26,55898.53,129559,82472.18,90006.77,94091.35,148026.1,75007.5,106339.4,119464,97537.87,190570.8,139980.5,136131.1,136746.9,62918.53,144754.1,95796.77,69315.19,73953.8,90114,66319.57,C4H4N2O2
C13-label-1,Uracil,2251.887,0,0,0,2805.742,1836.229,0,2410.485,0,4398.557,0,0,2321.17,0,6177.745,2678.768,7338.645,0,6196.115,0,0,0,3801.02,0,C4H4N2O2
C13-label-2,Uracil,14390.18,8366.071,0,0,9016.368,0,0,9028.57,0,0,0,0,0,0,11553.13,0,0,10840.56,0,8496.419,11639.43,0,9864.922,0,C4H4N2O2
C13-label-3,Uracil,0,0,0,0,0,0,0,0,0,0,0,0,0,0,0,0,0,0,0,0,0,0,0,0,C4H4N2O2
C13-label-4,Uracil,0,0,0,0,0,0,0,0,0,0,0,0,0,0,0,0,0,0,0,0,0,0,0,0,C4H4N2O2
C12 PARENT,Creatinine,193143.8,46282.16,81813.57,49692.59,643405.3,668741.6,519257.4,243388.9,208509.1,223778.7,50754.38,65213.63,53852.23,508620.3,734092,750585.3,169306.9,231362.7,195092.8,54040.77,46485.16,70552.5,892513.8,949260.8,C4H7N3O
C13-label-1,Creatinine,5946.606,0,2194.499,0,32358.08,31399.89,17337.41,4666.339,4196.479,3629.952,0,2025.935,0,28865.83,37710.65,47292.55,3075.531,2772.085,4319.407,0,0,0,46596.04,39107.91,C4H7N3O
C13-label-2,Creatinine,0,0,0,0,0,0,0,0,0,21401.15,29331.25,0,21787.71,25505.24,16636.79,28520.65,25306.66,30405.96,23001.25,0,0,0,0,0,C4H7N3O
C13-label-3,Creatinine,0,0,2362.647,0,0,0,0,0,0,0,0,0,0,0,0,0,0,0,0,2104.206,0,0,2927.476,2075.456,C4H7N3O
C13-label-4,Creatinine,0,0,0,0,0,0,0,0,0,0,0,0,0,0,0,0,0,0,0,0,0,0,0,0,C4H7N3O
C12 PARENT,L-Proline,2312758,1183321,1595773,1244100,4841346,4949881,4278124,1565695,1991480,1935784,1181517,839109.4,927129.2,5188128,5831372,5988454,2141006,1753379,1537402,636333.4,812454.9,1797934,3512186,3137273,C5H9NO2
C13-label-1,L-Proline,111809.5,64360.86,78622.59,38993.58,401265.9,356347.3,306978.2,80846.13,95903.84,107211.1,40388.51,57924.3,54159.3,342516.2,380594.1,367763.9,115577.1,118091,61803.63,54281.07,40668.1,112843.2,290186.4,273379.1,C5H9NO2
C13-label-2,L-Proline,22587.88,23595.05,40691.25,25223.7,459536,445158.3,423291.7,0,23841.26,4211.35,0,0,0,6238.547,20393.23,8793.158,0,0,4077.505,0,2992.687,0,92012.37,92763.49,C5H9NO2
C13-label-3,L-Proline,0,0,0,0,86116.34,100284.5,73612.3,0,0,0,0,0,0,0,0,0,0,0,0,6332.709,19766.6,0,297584.2,302875.8,C5H9NO2
C13-label-4,L-Proline,0,0,0,0,44303.02,56492.4,32020.12,0,0,0,0,0,0,0,0,0,0,0,0,0,0,0,22840.63,24426.51,C5H9NO2
C13-label-5,L-Proline,0,0,0,0,0,0,0,0,0,0,0,0,0,0,0,0,0,0,121235.2,42867.54,76200.83,62074.77,800305.2,776243.7,C5H9NO2
C12 PARENT,Fumaric acid,715794.8,349015.1,357851.1,317175.2,914217.7,954640.5,882969.7,545896.4,617012.3,594959.4,374268.7,356288.2,330259.8,846817.9,1111894,680968.6,603286.8,561371.5,222655,130461.3,217022.2,258102.9,417446.6,510976,C4H4O4
C13-label-1,Fumaric acid,13834.82,14407.17,21010.4,17857.66,93970.5,62704.53,78843.57,0,16290.64,0,33258.29,26394.29,17404.44,37844.55,96932.6,37550.76,28032.53,20711.82,0,0,14720.25,11878.03,69420.44,105357.1,C4H4O4
C13-label-2,Fumaric acid,13946.07,13625.99,26500.73,0,149979.4,128838.5,75240.29,10959.18,13150.3,0,12781.34,0,0,0,0,0,0,10134.58,25547.88,0,16289.73,30639.22,158759.3,136686.9,C4H4O4
C13-label-3,Fumaric acid,0,0,0,0,0,10410.27,14077.52,0,0,0,0,0,0,0,0,0,0,0,111819.9,0,0,28840.91,90373.72,70293.66,C4H4O4
C13-label-4,Fumaric acid,0,0,0,0,9513.954,0,0,0,0,0,0,0,0,0,0,0,0,0,244169,17548.02,55659.81,141479.6,479988.1,436633.1,C4H4O4
C12 PARENT,L-Valine,12100000,7692174,6199688,6889434,12400000,12700000,11900000,4073759,6231862,7836746,6432942,2985979,3289207,12500000,16200000,14100000,6524682,6629652,10600000,2825353,4130386,13500000,12500000,14000000,C5H11NO2
C13-label-1,L-Valine,730215.6,436222.2,378513.2,407516.1,757146.6,769008.7,695983.8,228452.3,376310.8,480691,396467.4,185200.3,194692.3,657392.4,953329.3,822439.9,399159.3,389849.2,637826.1,164305.3,257048.9,816136.2,668893.6,831701.8,C5H11NO2
C13-label-2,L-Valine,55442.96,17331.97,17380.9,27072.14,53382.91,54324.46,46817.38,19394.76,28207.08,26654.67,24497.2,4110.168,6227.774,46475.5,75282.09,61695.05,22617.53,27219.85,47738.04,8111.492,8851.495,73137.44,67889.45,62999.8,C5H11NO2
C13-label-3,L-Valine,0,0,0,2491.496,0,0,0,0,0,0,0,0,0,0,0,2856.614,0,0,0,0,0,0,0,0,C5H11NO2
C13-label-4,L-Valine,0,0,0,0,0,0,0,0,0,0,0,0,0,0,0,0,0,0,0,0,0,0,0,0,C5H11NO2
C13-label-5,L-Valine,0,0,0,0,0,0,0,0,0,0,0,0,0,0,0,0,0,0,0,0,0,0,0,0,C5H11NO2
C12 PARENT,Succinic acid,161000000,101000000,136000000,119000000,175000000,182000000,167000000,126000000,169000000,151000000,117000000,144000000,140000000,175000000,217000000,221000000,128000000,156000000,155000000,115000000,163000000,143000000,141000000,170000000,C4H6O4
C13-label-1,Succinic acid,7189216,4930722,6663702,5737966,11500000,12400000,11400000,5559762,7610908,6813784,5635142,6668210,6087282,8846295,10500000,10400000,5428888,6903702,6787832,6005942,7829520,6844342,13800000,13400000,C4H6O4
C13-label-2,Succinic acid,1301198,973543.8,1205178,1272226,11100000,10200000,10400000,1180325,1584152,1260214,1131362,1360654,1203888,1499492,2006115,1915485,1168827,1351392,1248817,1309557,1761245,1800560,16500000,13200000,C4H6O4
C13-label-3,Succinic acid,18066.59,175415.3,218623.3,223905.4,2524789,2522604,2029423,26234.5,48871.17,20467.83,32824.61,16383.59,24599.41,49592.86,106182.5,47939.27,19442.08,18981.02,213141.5,163622.2,131121.4,234851.4,1752492,1464356,C4H6O4
C13-label-4,Succinic acid,0,0,0,0,601997,555557.1,612373.4,0,0,0,0,0,0,0,0,0,0,0,6213092,3960319,4807632,5652832,44900000,37100000,C4H6O4
C12 PARENT,L-Threonine,6848604,3987244,4944558,4000992,7987970,8594436,7111682,2933007,3857633,4503050,3840192,2043889,2540039,8684869,10000000,9351364,4603463,4470438,5975236,1891450,2597676,6731722,8909731,9887651,C4H9NO3
C13-label-1,L-Threonine,284366.9,188892.5,188175.8,164117.7,386851.8,370054.1,318130.7,130239.5,181101.7,203800.1,169739.1,77947.91,104454.5,346369.8,395901.6,390814.9,199872.5,195560.9,237277.9,92153.84,121539.5,308217.7,386944.1,411389.6,C4H9NO3
C13-label-2,L-Threonine,31951.5,14649.47,22327.24,25282.79,54152.04,41603.12,17692.91,11099.04,13503.73,17005.85,14627.33,15005.4,10753.4,21560.16,67381.31,74143.52,16986.73,35533.87,35772.73,2998.414,15024.72,0,37897.29,42987.11,C4H9NO3
C13-label-3,L-Threonine,0,0,0,0,0,0,0,0,0,0,0,0,0,0,0,0,0,0,0,0,2489.319,0,0,0,C4H9NO3
C13-label-4,L-Threonine,0,0,0,0,96732.81,157604.7,0,0,0,0,0,0,0,0,123381.8,50278.5,0,0,0,0,0,0,0,57516.2,C4H9NO3
C12 PARENT,Purine,318071.6,246783.3,377324.1,381903,0,378441.9,222008,310443.9,353421.2,390674.6,366261,0,345854.1,252810.7,349073.2,0,266957.4,268979.7,0,0,333857.8,0,353043.1,278631.6,C5H4N4
C13-label-1,Purine,15518.62,8831.25,19440.88,16878.45,11532.48,13490.6,11013.77,0,19552.03,21882.7,19363.18,0,22138.38,0,13098.54,0,13317.25,11729.27,12910.24,0,20477.39,0,0,15214.95,C5H4N4
C13-label-2,Purine,0,0,0,0,0,0,0,0,0,0,0,0,0,1460.489,0,0,0,0,0,0,0,0,0,0,C5H4N4
C13-label-3,Purine,0,0,0,0,0,0,0,0,0,0,0,0,0,0,0,0,0,0,0,0,0,0,0,0,C5H4N4
C13-label-4,Purine,0,0,0,0,0,0,0,0,0,0,0,0,0,0,0,0,0,0,0,0,0,0,0,0,C5H4N4
C13-label-5,Purine,0,0,0,0,0,0,0,0,0,0,0,0,0,0,0,0,0,0,0,0,0,0,0,0,C5H4N4
C12 PARENT,L-Cysteine,11842.79,0,0,0,10197.92,10965.26,5558.541,6839.934,12810.58,43340.96,5481.615,0,0,0,36815.33,13572.97,8714.551,7517.102,13532.51,0,2161.347,0,17950.32,16684.03,C3H7NO2S
C13-label-1,L-Cysteine,0,0,0,0,0,0,0,0,0,0,0,0,0,0,0,0,0,0,0,0,0,0,0,0,C3H7NO2S
C13-label-2,L-Cysteine,0,0,0,0,0,0,0,0,0,0,0,0,0,0,7264.207,0,0,0,0,0,0,0,0,0,C3H7NO2S
C13-label-3,L-Cysteine,0,0,0,0,0,0,0,0,0,0,0,0,0,0,0,0,0,0,0,0,0,0,0,0,C3H7NO2S
C12 PARENT,Itaconic acid,12500000,11100000,11600000,11900000,11500000,12300000,11800000,12000000,11700000,12300000,12200000,12500000,11800000,11900000,12500000,12300000,12300000,12200000,11800000,11600000,11900000,11600000,11500000,11700000,C5H6O4
C13-label-1,Itaconic acid,622162.4,706111,630655.2,715616.1,656964.5,682270.1,666808.9,663984.6,709024.7,639857.2,708789.8,654873.5,628186.2,756748.1,668802.3,676815.7,717772.2,616081.4,620720.4,668856.6,668983.6,610868.3,607391.6,705547.8,C5H6O4
C13-label-2,Itaconic acid,50378.76,71432.49,0,65011.67,125278.9,75804.23,99883.03,74883.27,44740.75,88771.72,101653.1,75459.09,103196,76315.82,126106.9,93278.72,52578.58,43854.36,39634.12,94558.81,46575.87,29432.37,70703.98,103367.4,C5H6O4
C13-label-3,Itaconic acid,0,0,0,0,0,0,0,0,12567.72,0,0,0,0,0,0,0,0,0,0,0,0,0,0,0,C5H6O4
C13-label-4,Itaconic acid,0,0,0,0,0,0,0,0,0,0,0,0,0,0,0,0,0,0,0,0,0,0,0,0,C5H6O4
C13-label-5,Itaconic acid,0,0,0,0,0,0,0,0,0,0,0,0,0,0,10925.64,0,0,0,0,0,0,0,0,0,C5H6O4
C12 PARENT,Ketoleucine,7922756,7730662,7261952,7132544,7926946,7026434,7637518,7386204,7212362,6954334,7163392,6928632,7116152,7716616,7430860,7311238,7448504,6996654,6975338,7318648,7193712,6885546,7016184,6883192,C6H10O3
C13-label-1,Ketoleucine,518099.3,531797.5,438220.3,498935.1,507494.6,465752,466607.5,450803.9,501454.2,496442.8,508849.4,504211.9,518161.8,505592.1,442510.7,529817.8,482948.8,466661.2,448885.2,525372.8,545572.5,520236.3,468961.1,492151.6,C6H10O3
C13-label-2,Ketoleucine,28696.48,27636.42,35288.61,49585.16,51232.02,27391.52,31099.24,37264.71,37229.7,37890.39,33677.93,40648.55,31823.6,30879.19,23694.88,48251.61,24863.16,27588.16,29717.74,43553.55,35815.75,39634.42,30858.43,35431.62,C6H10O3
C13-label-3,Ketoleucine,0,0,0,0,4888.883,3373.73,0,0,0,0,0,0,0,0,3804.13,0,0,0,0,0,0,0,0,0,C6H10O3
C13-label-4,Ketoleucine,0,0,0,0,0,0,0,0,0,0,0,0,0,0,0,0,0,0,0,0,0,0,0,0,C6H10O3
C13-label-5,Ketoleucine,0,4564.481,0,0,0,0,0,0,0,0,0,0,0,0,0,0,0,0,0,0,0,0,0,0,C6H10O3
C13-label-6,Ketoleucine,0,0,0,0,0,0,0,0,0,0,0,0,0,0,0,0,0,0,0,0,0,0,0,0,C6H10O3
C12 PARENT,5-Aminolevulinic acid,84321.41,32203.19,49849.22,50952.2,168886.5,114343.3,142846.5,35045.13,71808.38,38874.23,27403.49,36391.09,27079.9,163408.9,184758.2,139017.2,85700.7,26488.27,51712.66,42570.77,30737.1,246786.5,143373.5,157983.8,C5H9NO3
C13-label-1,5-Aminolevulinic acid,5300.347,0,0,0,0,0,0,0,0,0,0,0,0,0,0,0,3419.491,2907.496,0,0,0,5130.933,0,7226.568,C5H9NO3
C13-label-2,5-Aminolevulinic acid,0,0,0,0,0,0,0,0,0,0,0,0,0,0,0,0,0,0,0,0,0,0,0,0,C5H9NO3
C13-label-3,5-Aminolevulinic acid,0,0,0,0,0,0,0,0,0,0,0,0,0,0,0,0,0,0,7170.028,5211.491,9528.132,41032.84,38530.95,24010.59,C5H9NO3
C13-label-4,5-Aminolevulinic acid,0,4017.438,0,0,0,0,0,3980.348,0,0,3081.44,0,0,0,0,0,0,0,813859.2,357012.9,553302.7,1334179,1490862,1518852,C5H9NO3
C13-label-5,5-Aminolevulinic acid,0,0,0,0,0,6624.457,0,0,0,0,0,0,0,0,0,0,0,0,0,0,0,0,0,0,C5H9NO3
C12 PARENT,Creatine,1001801,142020.8,333907.1,178150.6,4754396,4528940,3913578,1240088,1179428,1057979,205502.1,286993.3,222028.6,3832150,4574824,4636062,1075193,1098620,883629.7,232311.2,292892.8,187914.9,5105020,5370404,C4H9N3O2
C13-label-1,Creatine,29872.51,0,0,0,190031.5,245901.2,183870.9,51252.97,47044.15,41451.11,4572.3,8569.048,6247.183,201657.2,189147.5,238872.4,49528.15,43649.65,33254.7,0,6796.145,0,243371,189586.6,C4H9N3O2
C13-label-2,Creatine,4586.661,0,0,0,25116.96,18923.37,12663.87,5540.429,5790.932,4426.401,10298.42,4868.505,0,6174.26,11998.53,7956.547,0,0,0,2849.76,0,6131.572,0,9356.909,C4H9N3O2
C13-label-3,Creatine,0,0,0,0,0,0,0,0,3667.848,0,0,0,0,0,0,0,0,0,0,0,0,0,0,0,C4H9N3O2
C13-label-4,Creatine,0,0,0,0,0,0,0,0,0,0,0,0,0,0,0,0,0,0,0,0,0,0,0,0,C4H9N3O2
C12 PARENT,L-Isoleucine,10400000,6266088,4730170,6189394,9904379,9437919,10100000,3605769,5340458,7009748,5381674,2653575,2855638,9432043,13200000,11400000,5251436,5897724,8675627,2397581,3511725,12300000,9658161,10300000,C6H13NO2
C13-label-1,L-Isoleucine,691432.1,434109.2,319845.8,408585.7,668574.4,625231.6,680759.2,245961,377462.8,482832.1,350840.1,179938.2,192225.8,635746.2,864749.5,759378.7,370970.9,383146.5,540626.6,163202.1,225500.5,845256.7,623333.2,703274.2,C6H13NO2
C13-label-2,L-Isoleucine,35627.14,26040.29,9412.202,26717.72,38884.46,43914.92,38992.05,7122.448,13166.58,22992.81,24048.83,6925.83,6533.049,39357.95,57504.36,41305.97,16304.97,23606.56,39054.95,6771.65,9475.82,47850.24,22388.8,39826.62,C6H13NO2
C13-label-3,L-Isoleucine,0,0,0,0,0,0,0,0,0,0,0,0,0,0,0,0,0,0,0,0,0,0,0,0,C6H13NO2
C13-label-4,L-Isoleucine,0,0,0,0,0,0,0,0,0,0,0,0,0,0,0,0,0,0,0,0,0,0,0,2477.759,C6H13NO2
C13-label-5,L-Isoleucine,0,0,0,0,0,0,0,0,0,0,0,0,0,0,0,0,0,2166.005,0,0,0,0,0,0,C6H13NO2
C13-label-6,L-Isoleucine,0,0,0,0,0,0,0,0,0,0,0,0,0,0,0,0,0,0,0,0,0,0,0,0,C6H13NO2
C12 PARENT,L-Leucine,11200000,6999344,5246884,6487114,11600000,10700000,12400000,3904326,5791352,7737956,5838486,2998095,3133654,11300000,14400000,12600000,6226848,6599882,9618150,2682796,3869977,13100000,11300000,11700000,C6H13NO2
C13-label-1,L-Leucine,741061.4,452495.5,335560.4,426141.8,757274.3,711336.2,774764.7,254826.1,389024.9,505959.9,396605.2,198386,208979.4,737106.6,970442.3,860158.2,385247,408496.3,646632.1,181013.2,249613.3,818406.5,721305.8,751172.8,C6H13NO2
C13-label-2,L-Leucine,40299.32,22643.32,15044.61,19777.67,48244.27,33839.49,51337.41,16242.61,22825.24,32905.25,21368.13,12974.23,9809.935,49177.03,58151.89,46907.92,18951.83,22623.1,43403.86,7400.983,7092.432,58406.36,43357.18,56492.8,C6H13NO2
C13-label-3,L-Leucine,0,0,2275.128,0,0,0,0,0,0,0,0,0,0,0,1903.81,0,0,0,0,0,0,0,0,0,C6H13NO2
C13-label-4,L-Leucine,0,0,0,0,0,0,0,0,0,0,0,0,0,0,0,0,0,0,2120.877,0,0,0,0,0,C6H13NO2
C13-label-5,L-Leucine,0,0,0,0,0,0,0,0,0,0,0,0,0,0,0,0,0,0,0,0,0,0,0,0,C6H13NO2
C13-label-6,L-Leucine,0,0,0,0,0,0,0,0,0,0,0,0,0,0,0,0,0,0,0,0,0,0,0,0,C6H13NO2
C12 PARENT,L-Asparagine,1939928,1143338,1260931,1074921,3318253,3107314,2922348,911674.2,1217232,1337389,1018248,639509.8,619768.8,2933735,3402566,3367219,1205894,1266937,1491394,485422.2,771917.1,2176880,3065193,3201641,C4H8N2O3
C13-label-1,L-Asparagine,81908.38,45375.54,65526.86,44339.84,128079.9,162140.4,134802.8,39902.96,53088.02,66927.43,43386.19,21632.73,21454.64,145636,166479.6,150495.2,57062.42,49283.97,61470,17769.43,28652.7,82626.76,118883.6,126228.4,C4H8N2O3
C13-label-2,L-Asparagine,8665.765,0,8295.953,2722.018,19457.47,24206.12,21534.61,4327.175,8113.902,3770.368,0,2822.721,3053.401,6309.512,9274.724,11776.8,3444.674,8555.578,4552.578,0,0,0,5164.6,19408.51,C4H8N2O3
C13-label-3,L-Asparagine,0,0,0,0,0,0,0,0,0,0,0,0,0,0,0,0,0,0,0,0,0,0,0,0,C4H8N2O3
C13-label-4,L-Asparagine,0,0,0,0,0,0,0,0,0,0,0,0,0,0,0,0,0,0,7799.205,0,0,0,7173.897,5236.319,C4H8N2O3
C12 PARENT,Ornithine,330805.5,287611.8,425962.1,316420.9,448139,350634.1,414381,152850.3,251964,311598,269918.2,162926.8,200150.5,413920.3,347639,364075,338672.4,221435,312697,144592.3,200949,436500.8,340470.8,380063,C5H12N2O2
C13-label-1,Ornithine,0,0,12182.48,10772.04,12037.46,0,0,0,0,12440.34,9388.823,0,0,0,0,15359.1,11236.77,0,0,0,0,17509.3,0,0,C5H12N2O2
C13-label-2,Ornithine,0,0,0,14531.21,0,0,0,0,0,0,0,0,0,0,0,0,0,0,0,0,0,0,0,0,C5H12N2O2
C13-label-3,Ornithine,0,0,0,0,0,0,0,0,0,0,0,0,0,0,0,0,0,0,0,0,0,0,0,0,C5H12N2O2
C13-label-4,Ornithine,0,0,0,0,0,0,0,0,0,12722.98,0,0,0,0,0,0,0,0,0,0,0,0,0,0,C5H12N2O2
C13-label-5,Ornithine,0,0,0,0,0,0,0,0,0,0,0,0,0,0,0,0,0,0,0,0,0,0,0,0,C5H12N2O2
C12 PARENT,L-Aspartic acid,0,0,0,0,0,0,0,0,0,0,0,0,0,0,0,0,0,0,0,0,0,0,0,0,C4H7NO4
C13-label-1,L-Aspartic acid,0,0,0,0,0,0,0,0,0,0,0,0,0,0,0,0,0,0,0,0,0,0,0,0,C4H7NO4
C13-label-2,L-Aspartic acid,0,0,0,0,0,0,0,0,0,0,0,0,0,0,0,0,0,0,0,0,0,0,0,0,C4H7NO4
C13-label-3,L-Aspartic acid,0,0,0,0,0,0,0,0,0,0,0,0,0,0,0,0,0,0,0,0,0,0,0,0,C4H7NO4
C13-label-4,L-Aspartic acid,0,0,0,0,0,0,0,0,0,0,0,0,0,0,0,0,0,0,0,0,0,0,0,0,C4H7NO4
C12 PARENT,L-Malic acid,19100000,7914086,9191392,8748402,27200000,27600000,26800000,17400000,20500000,17400000,9420877,9804171,9008075,26000000,30900000,27700000,15100000,17100000,9609987,6255078,6705088,7000226,15600000,18100000,C4H6O5
C13-label-1,L-Malic acid,1029545,566610.3,604577.7,634006.5,2367561,2571331,2525940,895737.6,991910.1,981232.1,997187.4,1007459,911286.3,2381890,2489618,2378111,872526.4,962074.1,651784.3,466688.8,606437.6,665528.3,3018815,3075105,C4H6O5
C13-label-2,L-Malic acid,599931.6,560613.6,668560.4,713770.8,3185753,3639226,3412346,452460.8,589734.4,174367.7,93947.4,57614.26,80440.18,276420.8,326920.9,320751.2,140730.8,155524.3,873877.8,374060.5,688147.4,652594.6,4125425,4306580,C4H6O5
C13-label-3,L-Malic acid,14995.53,42048.99,97225.28,79858.73,525489.7,697303.8,630980.2,15869.69,18826.71,0,0,13889.47,0,13610.86,0,0,0,0,2699931,395875.6,779071.8,811889.2,2724066,2663736,C4H6O5
C13-label-4,L-Malic acid,0,0,0,0,130381,116474.5,58085.15,29910.26,0,0,0,54778.28,0,0,0,0,0,0,5426210,1102296,1711392,1757068,10800000,10300000,C4H6O5
C12 PARENT,Adenine,324959.5,0,443120.5,219596.3,395525.4,185148.9,432453.8,284946.1,567611.1,287903.4,581120.6,0,448057.2,0,397222.2,0,0,276274.7,469940.8,565975.8,250693,245501.2,300868.5,374256.8,C5H5N5
C13-label-1,Adenine,0,23569.3,23398.48,0,20593.38,0,0,0,30447.2,14135.76,0,30359.88,0,39244.7,15943.33,17377.41,0,0,0,0,7938.668,16816.51,15507.82,18764.1,C5H5N5
C13-label-2,Adenine,0,0,0,0,0,0,0,0,0,0,0,0,0,0,0,0,0,0,0,0,0,0,0,0,C5H5N5
C13-label-3,Adenine,0,0,2673.035,0,0,0,0,0,0,0,0,0,0,0,0,0,0,0,0,0,0,0,0,0,C5H5N5
C13-label-4,Adenine,0,0,0,0,0,0,0,0,0,0,0,0,0,0,0,0,0,0,0,0,0,0,1523.111,0,C5H5N5
C13-label-5,Adenine,0,0,2794.957,0,0,0,0,0,0,0,0,0,0,0,0,0,0,0,0,0,0,0,0,0,C5H5N5
C12 PARENT,Hypoxanthine,64579.2,52777.12,59266.26,61567.66,80472.12,83586.05,97724.44,57484.94,61064.17,62370.08,52758.08,57343.82,52471.61,97212.03,85647.93,78259.36,55752.89,64589.66,53395.39,52841.89,53379.61,76637.23,79659.43,75427.38,C5H4N4O
C13-label-1,Hypoxanthine,0,0,0,0,2119.506,2048.713,0,0,2213.493,0,2648.6,2039.953,2339.321,2148.866,0,2982.946,0,1943.972,0,0,0,3430.039,0,2422.555,C5H4N4O
C13-label-2,Hypoxanthine,0,0,0,0,0,0,0,3497.127,0,0,4836.563,21977.4,0,0,0,0,0,0,0,0,0,0,0,0,C5H4N4O
C13-label-3,Hypoxanthine,0,0,0,1806.906,0,0,0,0,0,0,0,2125.418,0,0,0,0,0,0,0,0,0,0,0,0,C5H4N4O
C13-label-4,Hypoxanthine,0,0,0,0,0,0,0,0,0,0,0,0,0,0,0,0,0,0,0,0,0,0,0,0,C5H4N4O
C13-label-5,Hypoxanthine,0,0,0,0,0,0,0,0,0,0,0,0,1769.566,0,0,0,0,0,0,0,0,0,0,0,C5H4N4O
C12 PARENT,Phenylacetic acid,70614.88,100679.2,51436.89,112198.4,35400.77,24484.38,75438.65,36368.8,61618.02,21504.67,21492.9,57452.28,26768.16,24296.98,38349,24354.2,49907.29,130391.8,36674.29,22866.97,27388.71,145408.1,26515.81,111697.3,C8H8O2
C13-label-1,Phenylacetic acid,0,0,0,0,0,0,0,0,0,0,0,0,0,0,0,0,0,0,0,0,0,0,0,0,C8H8O2
C13-label-2,Phenylacetic acid,0,0,0,0,0,0,0,0,0,0,11939.52,0,0,0,0,0,0,0,0,0,0,0,0,0,C8H8O2
C13-label-3,Phenylacetic acid,0,0,0,0,53542.98,0,0,0,0,40964.03,0,0,0,0,0,70326.73,17598.83,0,0,0,0,0,0,0,C8H8O2
C13-label-4,Phenylacetic acid,0,0,0,0,0,0,0,0,0,0,0,0,0,0,0,0,0,0,0,0,0,0,0,0,C8H8O2
C13-label-5,Phenylacetic acid,0,0,0,0,0,0,0,0,0,0,0,0,0,0,0,0,0,0,0,0,0,0,0,0,C8H8O2
C13-label-6,Phenylacetic acid,0,0,0,0,0,0,0,0,0,0,0,0,0,0,0,0,0,0,0,0,0,0,0,0,C8H8O2
C13-label-7,Phenylacetic acid,0,0,0,0,0,0,0,0,0,0,0,0,0,0,0,0,0,0,0,0,14687.34,0,0,0,C8H8O2
C13-label-8,Phenylacetic acid,1248112,5699546,0,6465216,1208756,0,0,0,0,0,1018909,1013192,0,1298128,0,0,0,2407086,0,0,0,7267146,3595241,6037706,C8H8O2
C12 PARENT,Oxoglutaric acid,1394487,508676.2,1144299,806178.7,1106436,1453345,1139506,1469081,1841304,1351960,783483.7,874039.5,812212.8,1200169,1492285,1323388,1117268,1687491,524439.7,462655.6,512821.7,451916.7,660978.8,678735.8,C5H6O5
C13-label-1,Oxoglutaric acid,65967.84,25121.7,70112.61,19606.38,73633.84,79356.12,106395.2,76147.93,91582.51,80165.13,45230.17,54129.22,55007.61,85350.3,81165.09,92867.46,25710.53,82775.97,17109.31,17854.03,35831.76,21309.36,75987.12,110010.2,C5H6O5
C13-label-2,Oxoglutaric acid,0,0,0,0,159744.5,234598.5,182059.9,0,0,0,0,0,0,0,0,0,0,0,0,0,134068.7,0,105414.2,136702.8,C5H6O5
C13-label-3,Oxoglutaric acid,0,0,0,0,11939.1,0,16453.58,0,11723.79,0,0,0,0,0,0,0,0,0,27891.11,28138.88,55901.94,27533.34,145776.7,109674,C5H6O5
C13-label-4,Oxoglutaric acid,0,0,0,0,0,0,0,0,0,0,0,0,0,0,0,0,0,0,0,0,0,0,0,0,C5H6O5
C13-label-5,Oxoglutaric acid,0,0,0,0,0,0,0,0,0,0,0,0,0,0,0,0,0,0,594155.7,217447.2,357482.6,167697.8,616123.2,677531.7,C5H6O5
C12 PARENT,L-Glutamine,42200000,26000000,18800000,25500000,43800000,46400000,41900000,14800000,24000000,29000000,23900000,12700000,13800000,41900000,54500000,48300000,21400000,24900000,15800000,968430.7,995193.8,12000000,4968330,8648257,C5H10N2O3
C13-label-1,L-Glutamine,2363235,1499057,1072425,1471190,2716051,2740607,2527465,830781.2,1336250,1628170,1378323,708555,768937.6,2467102,3291001,2955385,1158090,1367867,916999.2,60197.25,53958.68,678784.4,315840.5,508265.5,C5H10N2O3
C13-label-2,L-Glutamine,278562.7,166166.1,134969.4,161385.8,490013.8,489502.9,433109.6,91782.79,154641.8,221770.8,167298.2,83889.95,85397.98,319157,349614.9,258741.5,148838.6,172458,99642.1,10097.79,11536.99,107249.1,24178.17,54169.42,C5H10N2O3
C13-label-3,L-Glutamine,19917.4,5087.019,3295.789,0,76838.02,104154.5,68059.86,5961.348,4184.458,0,3670.081,3152.305,0,9044.516,9848.563,12936.94,0,0,0,0,0,0,79371.23,95188.43,C5H10N2O3
C13-label-4,L-Glutamine,0,0,0,0,30159.23,37632.67,27145.29,0,0,0,0,0,0,0,0,0,0,0,0,0,0,0,0,0,C5H10N2O3
C13-label-5,L-Glutamine,0,0,0,0,0,0,0,0,0,0,0,0,0,0,0,0,0,0,41092.56,6162.974,14799.09,15353.59,301092.9,342021.9,C5H10N2O3
C12 PARENT,L-Lysine,693671.2,644650.7,528772.4,564835.3,854144.2,777849.5,953854.5,329147.4,387092.9,577894.3,535084.6,277304.6,391458.3,911685.3,890279.3,967303,430765.6,467514.3,665911.4,264882.3,355665.4,792181.8,929628.2,909164.8,C6H14N2O2
C13-label-1,L-Lysine,24133.25,39449.25,14756.06,20194.85,51734.86,35747.92,49521.75,9013.998,11509.73,14314.22,15956.64,0,0,43450.07,48044.7,55042.77,14040.14,25740.41,38905.7,9187.742,9297.439,53289.71,33985.02,54648.57,C6H14N2O2
C13-label-2,L-Lysine,0,0,0,0,0,0,0,0,0,0,0,0,0,0,0,0,0,0,0,0,0,0,0,0,C6H14N2O2
C13-label-3,L-Lysine,0,0,0,0,0,0,0,0,0,0,0,0,0,0,0,0,0,0,0,0,0,0,0,0,C6H14N2O2
C13-label-4,L-Lysine,0,0,0,0,0,0,0,0,0,0,0,0,0,0,0,0,0,0,0,0,0,0,0,0,C6H14N2O2
C13-label-5,L-Lysine,0,0,0,0,0,0,0,0,0,0,0,0,0,0,0,0,0,0,0,0,0,0,12986.21,0,C6H14N2O2
C13-label-6,L-Lysine,0,0,0,0,0,0,0,0,0,0,0,0,0,0,0,0,0,0,0,0,0,0,0,0,C6H14N2O2
C12 PARENT,L-Glutamic acid,72600000,4930152,7114748,5677286,23900000,25100000,22000000,63900000,59900000,56400000,5970282,5277552,5836652,26300000,30800000,29300000,57500000,59800000,3590793,753288.8,866298.3,1957343,4700028,5243592,C5H9NO4
C13-label-1,L-Glutamic acid,4457228,508683.3,618722.2,574128.2,2469932,2690332,2275979,4241128,3946497,3430660,518768.7,488738.8,512258.1,1912702,2274737,2275600,3475936,3582580,143558.7,138862.9,176699,232301.3,1382497,1540511,C5H9NO4
C13-label-2,L-Glutamic acid,3995187,688624.6,736577.2,818274.1,4474868,4851366,4234352,3513919,3239816,489991.1,44627.53,40500.88,51577.53,222343.2,241395.2,248904.2,427017.9,458546.3,486836.8,129938.8,162816.5,180686.1,895667,991603.5,C5H9NO4
C13-label-3,L-Glutamic acid,303538.3,125011.1,125653.2,142431.5,852265.3,877969.2,844548.7,246145.9,251318.8,34855.96,2377.982,2817.474,2975.13,0,10285.06,10503.57,21343.08,22396.71,1650746,310979.2,380915.8,405335.3,2794184,2973277,C5H9NO4
C13-label-4,L-Glutamic acid,130943.1,69247.35,89056.28,88610.51,564495.6,587980.9,530151.3,91297.22,113360.1,0,0,0,0,0,0,0,0,61548.78,469948.4,57012.03,67136.06,78463.09,357074.9,359962.3,C5H9NO4
C13-label-5,L-Glutamic acid,9635.578,4074.715,0,10482.65,76963.16,106405.1,71324.8,0,0,0,0,0,2289.921,0,2981.615,0,0,0,13700000,1455374,1596455,1870298,8811238,9194557,C5H9NO4
C12 PARENT,O-Acetylserine,4187.496,5190.875,4326.82,6672.963,4407.239,5096.895,9287.565,5375.675,27144.94,7396.994,8996.112,19292.7,12518.38,27818.09,7824.312,5676.013,8285.979,3900.395,18838.02,5773.212,3112.313,10778.56,6782.296,8649.071,C5H9NO4
C13-label-1,O-Acetylserine,0,0,0,0,0,0,0,0,0,0,0,0,0,0,0,0,0,0,0,0,0,0,0,0,C5H9NO4
C13-label-2,O-Acetylserine,0,0,0,0,0,0,0,0,0,0,0,0,0,0,0,0,0,0,0,0,0,0,0,0,C5H9NO4
C13-label-3,O-Acetylserine,0,0,0,0,0,0,0,0,0,0,0,0,0,0,0,0,0,0,0,0,0,0,0,0,C5H9NO4
C13-label-4,O-Acetylserine,0,0,0,41101.14,0,35155.34,51432.73,60112.62,0,40991.5,0,41586.46,0,44802.01,0,0,0,0,0,41669.08,0,0,0,0,C5H9NO4
C13-label-5,O-Acetylserine,0,0,0,0,0,0,0,0,0,0,0,0,0,0,0,0,3117.015,0,0,0,0,0,0,13438.38,C5H9NO4
C12 PARENT,N-Acetylserine,1623347,710194.8,1062625,761859.3,5186089,4995828,4999466,1380159,189914.4,1405767,547850.4,541575.1,663506.3,4711187,4799815,5120450,1932197,1507070,1094189,480973.7,675576.4,747882.8,5582994,5424804,C5H9NO4
C13-label-1,N-Acetylserine,112791.9,33290.03,59837.37,55804.5,316457.7,346693.2,276178.5,87704.72,0,124465.1,48703.73,29492.19,47259.52,288778.2,282487.8,344811.2,120170.3,128241.2,48947.86,16168.57,9131.604,12330.01,305215.2,311862,C5H9NO4
C13-label-2,N-Acetylserine,157974.1,109298,83254.41,108850.3,1005561,931679,852691.8,118466.3,0,0,0,7980.012,0,23776.12,34882.05,31609.14,5829.125,0,203733.6,15059.17,35581.54,74534.15,421655.4,364618.8,C5H9NO4
C13-label-3,N-Acetylserine,0,0,0,0,14397.06,19714.28,8312.427,0,0,0,0,0,0,0,0,0,0,0,0,0,0,0,0,7473.377,C5H9NO4
C13-label-4,N-Acetylserine,0,0,0,0,559225.2,0,0,0,481536.2,0,438090.1,477726.5,469721.7,0,0,0,0,451675.1,470070.4,0,445549.1,464621.2,463047.5,0,C5H9NO4
C13-label-5,N-Acetylserine,0,0,0,0,0,24685.24,0,0,0,0,0,0,0,0,0,0,0,0,0,0,0,0,0,0,C5H9NO4
C12 PARENT,D-2-Hydroxyglutaric acid,5741092,2215334,2666728,2170538,4771386,4710354,4496780,4697668,5495458,5049868,2362472,2347092,2365936,4276752,5167068,4932266,4477218,4836892,3501540,2330029,2014121,2026174,3606390,4541328,C5H8O5
C13-label-1,D-2-Hydroxyglutaric acid,340723.3,93711.46,115284,131488.7,324507.3,264473.8,248300.7,220126.2,343064.5,247538.3,191628.4,169864.7,175691.1,271632.9,360868.2,332298.8,250759.4,262616.5,236746,103739.3,134865.8,159526.2,254301.2,300546.6,C5H8O5
C13-label-2,D-2-Hydroxyglutaric acid,63556.97,39609.45,0,53186.83,248706,234794.3,248977.5,98233.31,63037.04,26363.32,0,0,0,0,18100.18,18420.6,20739.88,16377.89,17525.62,13751.8,24191.78,15699.6,23706.03,58149.53,C5H8O5
C13-label-3,D-2-Hydroxyglutaric acid,0,0,0,0,14546.64,12995.22,14519.66,0,0,0,0,0,0,0,0,0,0,0,125142.1,15069.5,85553.41,36128.73,272115.1,245198.3,C5H8O5
C13-label-4,D-2-Hydroxyglutaric acid,0,0,0,0,0,0,0,0,0,0,0,0,0,0,0,0,0,0,0,0,0,0,0,0,C5H8O5
C13-label-5,D-2-Hydroxyglutaric acid,0,0,0,0,0,0,0,0,0,0,0,0,0,0,0,0,0,0,1142191,172958.1,286387.5,311421.8,772586.3,877098.2,C5H8O5
C12 PARENT,L-Methionine,864985.2,638126.8,297750.9,363180.1,1066363,801356.7,1633371,291210.1,470556,562118.7,384622.5,176564.7,186591.5,1101134,1233958,1222987,469809.4,569173.9,658935.8,154647.1,209464.8,896136.8,1106340,1185951,C5H11NO2S
C13-label-1,L-Methionine,48899.78,34054.3,20586.19,7425.977,69120.33,47090.92,85057.01,14485.75,25519.32,22475.88,21293,9158.326,6891.381,56956.01,65659.41,68863.82,27890.28,32173.34,37243.93,0,3893.292,51400.7,66056.84,66719.1,C5H11NO2S
C13-label-2,L-Methionine,0,0,0,0,0,0,5205.538,0,0,0,0,0,0,3686.265,2760.95,0,0,0,0,0,0,3494.964,2184.447,0,C5H11NO2S
C13-label-3,L-Methionine,0,0,0,0,0,0,0,0,0,2094.354,0,0,0,0,0,0,0,0,0,0,0,0,0,0,C5H11NO2S
C13-label-4,L-Methionine,0,0,0,0,0,0,0,0,0,0,0,0,0,0,0,0,0,0,0,0,0,0,0,0,C5H11NO2S
C13-label-5,L-Methionine,0,0,0,0,0,0,0,0,0,0,0,0,0,0,0,0,0,0,0,0,0,0,0,0,C5H11NO2S
C12 PARENT,Xanthine,38143.44,26642.52,37195.72,24588.76,38913.02,32517.19,56262.92,31410.32,40167.19,35500.5,26601.81,28439.08,31044.54,34656.49,41201.54,33935.07,45002.89,35371.91,35572.35,24099.3,28656.81,35904.89,33420.1,41142.05,C5H4N4O2
C13-label-1,Xanthine,0,0,0,0,0,0,0,0,0,0,0,0,0,0,0,0,0,0,0,0,0,0,0,0,C5H4N4O2
C13-label-2,Xanthine,0,0,0,0,0,0,3315.971,0,0,0,0,0,0,0,0,0,0,0,0,0,0,0,0,0,C5H4N4O2
C13-label-3,Xanthine,0,0,0,0,0,2013.912,0,0,0,0,0,2402.932,0,5690.002,2548.346,0,0,2163.19,0,0,0,0,0,0,C5H4N4O2
C13-label-4,Xanthine,0,0,0,0,0,0,0,0,0,0,0,0,0,0,0,0,0,0,0,0,0,0,0,0,C5H4N4O2
C13-label-5,Xanthine,0,0,0,0,0,0,0,0,0,0,0,0,0,0,0,0,0,0,0,0,0,0,0,0,C5H4N4O2
C12 PARENT,L-Histidine,1001784,675565.4,1543795,713569,1340423,1346653,1361388,574695.8,701723.6,788146,677699.4,402564.1,445525.5,1306785,1497147,1456992,909415.1,756427.2,912818.2,339460.8,400002.3,967142.7,1511041,1487460,C6H9N3O2
C13-label-1,L-Histidine,25193.29,28713.82,40716.2,13004.55,87349.94,66563.62,48637.88,0,13339.79,29172.54,21112.58,8511.091,12754.9,97921.44,108064,92286.66,24284.88,17754.71,41077.06,0,17665.6,14882.37,63157.25,87814.8,C6H9N3O2
C13-label-2,L-Histidine,0,0,7190.988,10091.65,0,0,0,0,9478.459,0,0,0,0,0,0,0,0,0,0,0,0,0,10448.57,0,C6H9N3O2
C13-label-3,L-Histidine,0,0,0,0,0,0,0,0,0,0,0,0,0,0,0,0,0,0,0,0,0,0,0,0,C6H9N3O2
C13-label-4,L-Histidine,0,0,0,0,0,0,0,0,0,0,0,0,0,0,0,0,0,0,0,0,0,0,0,0,C6H9N3O2
C13-label-5,L-Histidine,0,0,0,0,0,0,0,5770.641,0,0,0,0,0,0,0,0,0,0,0,0,0,0,0,0,C6H9N3O2
C13-label-6,L-Histidine,0,0,0,0,0,0,0,0,0,0,0,0,0,0,0,0,0,0,0,0,0,0,0,0,C6H9N3O2
C12 PARENT,Orotic acid,11316.78,0,0,0,11068.94,15119.42,14029.17,11574.56,9560.708,0,9763.946,0,0,0,10001.86,0,21812.44,0,9879.982,0,12022.7,0,0,9965.339,C5H4N2O4
C13-label-1,Orotic acid,0,0,0,0,0,0,0,0,0,0,0,0,0,0,0,0,0,0,0,0,0,0,0,0,C5H4N2O4
C13-label-2,Orotic acid,0,0,212741.5,0,0,0,0,139120.6,0,0,0,0,0,0,0,0,0,0,0,0,0,0,0,0,C5H4N2O4
C13-label-3,Orotic acid,0,0,0,0,0,0,0,0,0,0,0,0,0,0,0,0,0,0,0,0,0,0,0,0,C5H4N2O4
C13-label-4,Orotic acid,0,0,0,34022.64,0,0,0,12902.25,0,0,0,0,0,0,0,0,0,12826.24,0,0,0,0,0,0,C5H4N2O4
C13-label-5,Orotic acid,0,0,0,0,0,0,0,0,0,0,0,0,0,0,0,0,0,0,0,0,0,0,0,0,C5H4N2O4
C12 PARENT,L-Phenylalanine,7472308,4806756,3270957,4122308,9143063,7597416,9268100,2958311,4133559,5101722,3964177,1911608,2380889,8651387,10100000,9644519,4776858,4368354,6215120,1900378,2710248,7569646,8655419,9065892,C9H11NO2
C13-label-1,L-Phenylalanine,736469.1,453666.8,313519.6,385391.3,842217,776692.8,880752.2,281314.6,421574.2,495770.2,348500.8,172067.4,217684.2,890664.6,976778,949354.2,460126.5,377976.1,593970.8,187914.8,241877.8,684273.9,839665.9,892987.8,C9H11NO2
C13-label-2,L-Phenylalanine,27345.2,7652.113,8274.384,4090.064,30711.72,15683.61,19254.75,4215.889,4747.046,19210.98,14641.93,3505.125,0,30118.24,38653.67,33036.36,10823.73,13379.59,18739.45,0,5106.015,22721.06,24971.23,30292.16,C9H11NO2
C13-label-3,L-Phenylalanine,0,0,0,0,0,0,0,0,0,0,0,0,0,0,0,0,0,0,0,0,0,0,0,0,C9H11NO2
C13-label-5,L-Phenylalanine,0,0,0,0,0,0,65846.46,0,0,0,0,0,0,0,0,0,0,0,0,0,0,0,0,0,C9H11NO2
C13-label-6,L-Phenylalanine,0,3854.952,0,0,0,0,4130.191,0,0,0,0,0,0,0,0,0,0,2769.57,0,0,0,0,0,0,C9H11NO2
C13-label-7,L-Phenylalanine,0,0,0,0,0,0,0,0,0,0,0,0,0,0,0,0,0,0,0,0,0,0,0,0,C9H11NO2
C12 PARENT,Phosphoenolpyruvic acid,20364.4,18162.26,17824.04,21567.6,12522.36,12679.17,90697.95,7222.105,21711.58,36480.9,12776.21,0,6715.551,6890.328,10841.15,61369.89,25865.16,83203.4,5919.877,16356.02,15171.43,14868.77,20724.03,101188.7,C3H5O6P
C13-label-1,Phosphoenolpyruvic acid,0,0,0,0,0,0,0,0,0,0,0,0,0,0,0,0,0,0,0,0,0,0,0,0,C3H5O6P
C13-label-2,Phosphoenolpyruvic acid,0,0,0,0,0,0,0,0,0,0,0,0,0,0,0,0,0,0,0,0,0,0,0,0,C3H5O6P
C13-label-3,Phosphoenolpyruvic acid,0,0,0,0,0,0,0,0,0,0,0,0,0,0,0,0,0,0,0,0,0,0,0,0,C3H5O6P
C12 PARENT,Dihydroxyacetone phosphate,15884.75,18497.99,26826.47,17455.8,40231.75,14720.1,21297.55,15268.06,15618.7,14605.36,43936.79,16275.32,57233.51,36231.36,18065.33,17885.2,18981.23,26373.16,23719.44,38781.96,15565.47,15648.41,31014.34,20306.81,C3H7O6P
C13-label-1,Dihydroxyacetone phosphate,0,0,0,0,0,0,0,0,0,0,0,0,0,0,0,0,0,0,0,0,0,0,0,0,C3H7O6P
C13-label-2,Dihydroxyacetone phosphate,0,0,0,0,0,0,0,0,0,0,0,0,0,0,0,0,0,0,0,0,0,0,0,0,C3H7O6P
C13-label-3,Dihydroxyacetone phosphate,0,0,0,0,0,0,0,0,0,0,0,0,0,0,0,0,0,0,0,0,0,0,0,0,C3H7O6P
C12 PARENT,Glycerol 3-phosphate,335536,400074.8,408653.8,374632.3,0,0,540869.4,358114.8,394349.7,313131.3,0,0,351020.2,0,387891.8,0,338321.3,323362.8,296863.3,337162.2,559849.2,348949.2,0,0,C3H9O6P
C13-label-1,Glycerol 3-phosphate,0,0,14279.71,11561.77,60122.63,0,0,10205.16,12253.83,0,0,0,0,0,595844.9,0,0,0,0,0,0,0,0,17190.7,C3H9O6P
C13-label-2,Glycerol 3-phosphate,0,0,150511.2,0,0,0,0,0,68411.23,0,0,0,0,7677.481,0,0,0,0,0,0,0,0,0,0,C3H9O6P
C13-label-3,Glycerol 3-phosphate,0,0,0,0,66514.56,86067.51,75478.54,0,0,0,0,48247.88,0,0,28835.95,0,0,0,0,0,0,0,0,0,C3H9O6P
C12 PARENT,cis-Aconitic acid,173227.1,0,251442.2,291867.2,184318,0,182388.2,266106.5,200024.5,240051.7,191073.5,277532.8,260555.2,0,245663.6,209791.9,262291.9,206454.4,202091.5,317921.2,227694,253810.3,226697.7,234789.8,C6H6O6
C13-label-1,cis-Aconitic acid,0,0,0,0,0,0,0,0,0,0,0,0,0,0,0,0,0,0,0,0,0,0,0,0,C6H6O6
C13-label-2,cis-Aconitic acid,0,0,0,0,0,0,0,35602.14,0,19071.61,0,39245.7,0,0,0,0,0,16893.96,16231.09,0,0,0,0,0,C6H6O6
C13-label-3,cis-Aconitic acid,0,0,0,0,0,0,0,0,0,0,0,0,0,0,0,0,0,0,0,0,0,0,0,0,C6H6O6
C13-label-4,cis-Aconitic acid,0,0,0,0,0,0,0,0,0,0,0,0,0,0,0,0,0,0,0,0,0,0,0,0,C6H6O6
C13-label-5,cis-Aconitic acid,0,0,0,0,0,0,0,0,0,0,0,0,0,0,0,0,0,0,0,0,0,0,0,0,C6H6O6
C13-label-6,cis-Aconitic acid,0,0,0,0,0,0,0,0,0,0,0,0,0,0,0,0,0,0,0,0,0,0,0,0,C6H6O6
C12 PARENT,L-Arginine,1644521,1540405,1486334,1340466,1898544,1608609,1980815,774157.9,1076245,1381640,1428805,702459.2,736919.8,1836888,1910542,2001119,1350781,1195579,1495068,761878.8,935879.9,2032886,1755233,1713139,C6H14N4O2
C13-label-1,L-Arginine,96026.16,120547.9,69384.29,124262.3,69109.57,84618.13,85615.34,38766.3,41610.75,61504.21,72540.26,19657.9,15155.01,104999.1,119508.6,127186.9,16876.49,38515.73,65282.42,40269.07,26575.89,85853.73,116737.8,101521.1,C6H14N4O2
C13-label-2,L-Arginine,0,0,0,0,0,0,0,0,0,0,0,0,0,0,0,0,0,0,0,0,0,0,0,0,C6H14N4O2
C13-label-3,L-Arginine,0,0,0,0,0,0,0,0,0,0,0,0,0,0,0,0,0,0,0,0,0,0,0,0,C6H14N4O2
C13-label-4,L-Arginine,0,0,0,0,0,0,0,0,0,0,0,0,0,0,0,0,0,0,0,0,0,0,0,0,C6H14N4O2
C13-label-5,L-Arginine,0,0,0,0,0,0,0,0,0,0,0,0,0,0,0,0,0,0,0,0,0,0,0,0,C6H14N4O2
C13-label-6,L-Arginine,0,0,0,0,0,0,0,0,0,0,0,0,0,0,0,0,0,0,0,0,0,0,0,0,C6H14N4O2
C12 PARENT,N-Acetyl-L-aspartic acid,16600000,38012.34,98371.22,52135.17,13100000,12200000,13800000,14000000,15900000,14500000,41086.78,42782.13,21830.92,13900000,15800000,15200000,12700000,14300000,9224935,59690,49640.59,21418.38,10900000,11100000,C6H9NO5
C13-label-1,N-Acetyl-L-aspartic acid,1195646,0,0,0,1208823,1066693,1166091,973850.9,1210847,1077882,0,0,0,1230630,1290041,1340005,948426.9,996569.2,627546.2,0,0,0,901676.2,929016.3,C6H9NO5
C13-label-2,N-Acetyl-L-aspartic acid,1151120,0,0,0,1913842,1825275,1883375,1020067,1014721,183175.2,0,0,0,102483.4,141664.4,165719,56919.89,131461.7,284855.8,0,0,0,537227.5,497543.5,C6H9NO5
C13-label-3,N-Acetyl-L-aspartic acid,33037.05,0,0,0,214728.5,312045.2,253822.1,41458.96,16407.21,0,0,0,0,0,0,0,0,0,248172.2,0,0,0,177932.2,259462.9,C6H9NO5
C13-label-4,N-Acetyl-L-aspartic acid,0,17991.69,0,0,199992.2,271220.3,217272.5,20038.73,0,0,0,14248.12,0,0,0,0,0,0,504833.9,0,20190.42,0,1001843,1069352,C6H9NO5
C13-label-5,N-Acetyl-L-aspartic acid,0,0,0,0,16547.09,0,0,0,0,0,0,0,0,14216.17,0,0,0,0,189158.3,16687.03,0,0,46612.45,27443.09,C6H9NO5
C13-label-6,N-Acetyl-L-aspartic acid,0,0,0,0,0,0,0,0,0,0,0,0,0,0,0,0,0,0,252811.8,0,0,0,146166.1,114763.6,C6H9NO5
C12 PARENT,Citrulline,19204.41,288067.9,2222796,301214.9,33790.68,178804.4,62904.66,34174.23,15246.63,13938.89,152322.1,81671.49,244504.2,52579.33,25281.32,46965.76,441957.8,57561.8,36245.29,84966.35,67031.68,85026.37,50178.29,43231.18,C6H13N3O3
C13-label-1,Citrulline,0,0,143280.3,0,0,10656.01,9358.108,0,0,0,7324.435,0,8834.142,0,0,0,23396.55,0,0,0,0,0,0,0,C6H13N3O3
C13-label-2,Citrulline,186047.5,160924.8,212178.9,194527.9,584764.5,560657.8,0,243306.3,192189.9,189776.5,209437.8,245937.7,228933.6,513628.6,507761.2,551522.9,203638.1,215856.9,175900.2,226308.6,200259.6,156345.9,0,643926.2,C6H13N3O3
C13-label-3,Citrulline,0,0,9043.446,0,22160.49,32575.19,10359.82,0,0,0,0,6371.4,5822.864,16770.34,0,0,0,0,0,5121.254,0,0,0,29822.71,C6H13N3O3
C13-label-4,Citrulline,0,0,0,0,0,0,0,0,0,0,0,0,0,0,0,0,0,0,0,0,0,0,0,0,C6H13N3O3
C13-label-5,Citrulline,0,0,0,0,0,0,0,0,0,0,0,0,0,0,0,0,0,0,0,0,0,0,0,0,C6H13N3O3
C13-label-6,Citrulline,0,0,0,0,0,0,0,0,0,0,0,0,0,0,0,0,0,0,0,0,0,0,0,0,C6H13N3O3
C12 PARENT,Ureidosuccinic acid,22201.26,0,0,0,0,0,18072.37,13742.77,24555.73,19640.81,0,0,0,0,23764.71,37516.53,0,17838.81,647846.8,0,0,0,994181,1095651,C5H8N2O5
C13-label-1,Ureidosuccinic acid,0,0,0,0,0,0,0,0,15005.84,15496.51,0,0,0,0,0,0,0,0,29498.64,0,0,0,159344.3,266117.9,C5H8N2O5
C13-label-2,Ureidosuccinic acid,0,0,0,0,0,0,0,0,0,0,0,0,0,0,47500.7,0,0,0,482694.2,0,0,0,530125.2,507815.8,C5H8N2O5
C13-label-3,Ureidosuccinic acid,0,0,0,0,0,0,0,0,0,0,0,0,0,0,0,0,0,0,389044.9,0,0,0,260796.7,276892.1,C5H8N2O5
C13-label-4,Ureidosuccinic acid,0,0,0,0,0,0,0,0,0,0,0,0,0,0,0,0,0,0,997585.8,0,0,0,1198134,1303170,C5H8N2O5
C13-label-5,Ureidosuccinic acid,0,0,0,0,0,0,0,0,0,0,0,0,0,0,0,0,0,0,355388.6,0,0,0,76467.59,47105.25,C5H8N2O5
C12 PARENT,2-Isopropylmalic acid,291402.5,276754.8,220976.3,361553,276136.7,252463.8,165644.5,163095.6,183576.2,308002.4,136676.6,234109.2,347601.5,277615.8,272348.8,250412.9,188405,255230.6,284614.2,193405.6,257180.8,161692.2,240928.5,265923.5,C7H12O5
C13-label-1,2-Isopropylmalic acid,9314.458,0,7499.382,13034.36,9911.872,0,0,12491.68,0,13035.34,9959.417,9924.937,11317.49,12588.89,22554.03,7781.113,10760.51,13789,12669.93,0,9491.7,14094.81,11297.01,10591.27,C7H12O5
C13-label-2,2-Isopropylmalic acid,0,0,0,0,0,0,0,0,0,0,0,0,0,0,0,0,0,0,0,0,0,0,0,0,C7H12O5
C13-label-3,2-Isopropylmalic acid,0,0,0,0,0,0,0,0,0,0,0,0,0,0,0,0,0,0,0,0,0,0,0,0,C7H12O5
C13-label-4,2-Isopropylmalic acid,0,0,0,0,0,10413.17,0,11417.17,0,13273.96,0,0,0,0,8412.779,0,0,10069.89,0,0,0,0,9741.645,0,C7H12O5
C13-label-5,2-Isopropylmalic acid,0,0,0,0,0,0,0,0,0,0,0,0,0,0,0,0,0,0,0,0,0,0,0,0,C7H12O5
C13-label-6,2-Isopropylmalic acid,0,0,0,0,0,0,0,0,0,0,0,0,0,0,0,0,0,0,0,0,0,0,0,0,C7H12O5
C13-label-7,2-Isopropylmalic acid,148056.4,160234.5,0,0,0,0,0,0,0,0,0,0,0,0,150393.2,0,0,0,0,0,0,161183.1,0,0,C7H12O5
C12 PARENT,Glucosamine,0,6890.433,0,14484.45,0,0,0,0,0,0,3564.666,0,8141.59,0,8896.017,0,0,0,2630.005,0,9145.415,121094.5,92493.53,20516.32,C6H13NO5
C13-label-1,Glucosamine,0,0,0,0,0,0,0,0,0,0,0,0,0,0,0,0,0,0,0,0,0,0,0,0,C6H13NO5
C13-label-2,Glucosamine,0,0,0,0,0,0,0,0,0,0,0,0,0,0,0,0,0,0,0,0,0,0,0,0,C6H13NO5
C13-label-3,Glucosamine,0,0,0,0,0,0,0,0,0,0,0,0,0,0,0,0,0,0,0,0,0,0,0,0,C6H13NO5
C13-label-4,Glucosamine,0,0,0,0,0,0,0,0,0,0,0,0,0,0,0,0,0,0,0,0,0,0,0,0,C6H13NO5
C13-label-5,Glucosamine,0,0,0,0,0,0,0,0,0,0,0,0,0,0,0,0,0,0,0,0,0,0,0,0,C6H13NO5
C12 PARENT,D-Glucose,7376702,2335007,1830085,2166484,12900000,13200000,13200000,5066930,5801050,5554238,2110339,1677949,1569164,11900000,13600000,13200000,4687022,5538134,5617060,1410107,0,0,13700000,14000000,C6H12O6
C13-label-1,D-Glucose,501435.8,166009.9,127784.6,124096.6,906354.3,881783.5,883863.5,293691.6,377543.5,339181,135086,114508.8,110995.4,852585.7,981392.4,892339,324157.8,373132.4,362117.9,88154.62,0,0,908060.2,945463.1,C6H12O6
C13-label-2,D-Glucose,76574.74,10591.94,22549.28,0,0,0,0,0,0,0,0,10169.57,0,0,0,0,0,0,60121.43,3079.404,14335.55,37031.85,162854.8,152908.2,C6H12O6
C13-label-3,D-Glucose,0,0,0,0,0,0,0,0,0,0,0,0,0,0,0,0,0,0,2725.435,0,0,0,4007.127,3953.316,C6H12O6
C13-label-4,D-Glucose,0,0,0,0,0,0,0,0,0,0,0,0,0,0,0,0,0,0,0,0,0,0,0,0,C6H12O6
C13-label-5,D-Glucose,0,0,3038.408,0,0,0,0,0,0,0,0,2945.514,0,0,0,0,3986.351,0,0,0,0,0,0,0,C6H12O6
C13-label-6,D-Glucose,0,0,0,0,0,0,0,0,0,0,0,0,0,0,0,0,0,0,0,0,0,0,0,0,C6H12O6
C12 PARENT,L-Tyrosine,3015973,1975081,1585043,1612430,3538042,3185510,4177514,1203034,1734284,2071814,1571570,836467.2,987274.7,3519578,4057054,3917558,1864834,1899773,2510255,753743.2,1076714,3045057,3383102,3613788,C9H11NO3
C13-label-1,L-Tyrosine,288001.5,181161.5,159059.1,144854.5,353810.6,304666.5,410791.7,107588.2,154891.5,193248.1,150664.8,78367.9,87810.94,310815.5,374589.2,400204.9,199293.5,174183.2,244539,65569.95,89848.19,289582.1,294293.8,355359.5,C9H11NO3
C13-label-2,L-Tyrosine,9039.378,4098.635,2786.463,2814.666,13949.11,9965.181,20138.04,0,2539.688,9259.743,2062.026,3210.316,0,12472.12,13361.61,16818.39,3332.683,3487.627,9094.713,0,0,15369.51,6912.494,11993.96,C9H11NO3
C13-label-3,L-Tyrosine,0,0,0,0,2296.302,0,0,0,0,0,0,0,0,0,0,2407.822,0,0,0,0,0,0,2233.262,0,C9H11NO3
C13-label-4,L-Tyrosine,0,0,0,2945.059,0,0,0,0,0,0,0,0,0,0,0,0,2191.226,2987.285,0,0,0,0,0,0,C9H11NO3
C13-label-5,L-Tyrosine,0,0,0,0,0,0,0,0,0,0,0,0,0,0,6188.091,0,0,2637.625,2595.271,0,0,2852.37,0,0,C9H11NO3
C13-label-6,L-Tyrosine,0,0,0,0,0,0,0,0,0,0,0,0,0,0,0,0,0,0,0,0,0,0,0,0,C9H11NO3
C13-label-7,L-Tyrosine,0,0,0,0,0,0,0,0,0,0,0,0,0,0,0,0,0,0,0,0,0,0,0,0,C9H11NO3
C13-label-8,L-Tyrosine,0,0,0,13703.99,0,0,0,0,0,0,0,0,0,0,14837.76,0,16085.42,16162.88,0,15643.82,14268.13,0,0,0,C9H11NO3
C13-label-9,L-Tyrosine,0,0,0,0,0,0,0,0,0,0,0,0,0,0,0,0,0,0,0,0,0,0,0,0,C9H11NO3
C12 PARENT,Sorbitol,379182.1,12300000,3329115,4381232,2174152,1433004,1562734,983862.2,1005040,213778.3,3211135,1053002,1564741,1334048,1511536,2428774,1160670,1188356,1185803,2646399,908042.5,1368168,1827363,1862625,C6H14O6
C13-label-1,Sorbitol,0,757884.8,0,276475.7,190768.9,91125.35,131436.8,67766.29,77005.85,0,208900.3,58259.46,87252.06,146287,113923.5,218839.7,70019.18,91936.38,62113.98,177410.8,43430.98,66184.59,66390.79,141090.6,C6H14O6
C13-label-2,Sorbitol,20391.87,123238.7,24931.57,25321.86,348246.3,340582.1,229310.8,56415.61,48367.85,0,33700.46,11815.11,17760.5,326654.2,353711,335243.5,40129.11,62784.85,5128.431,24332.47,5007.848,5671.324,12898.32,0,C6H14O6
C13-label-3,Sorbitol,0,0,0,0,25605.59,13849.89,11026.87,0,0,0,0,0,0,21204.01,13345.45,39220.11,0,0,0,0,0,0,0,0,C6H14O6
C13-label-4,Sorbitol,0,0,0,0,16380.78,16905.69,0,4822.022,0,0,0,3768.266,0,0,0,0,0,0,0,0,0,0,0,0,C6H14O6
C13-label-5,Sorbitol,0,8102.03,0,0,0,0,0,0,0,0,0,0,0,0,0,0,0,0,0,5096.872,0,0,0,0,C6H14O6
C13-label-6,Sorbitol,0,0,0,0,0,0,0,0,0,0,0,0,0,0,0,0,0,0,0,0,0,0,0,0,C6H14O6
C12 PARENT,3-Phosphoglyceric acid,0,84080.18,89475.74,102628.6,230855.3,215816.2,214837.3,99112.87,125921.5,82717.36,86397.31,132398.8,98868.97,0,101006.4,114863.3,125201.3,82094.7,104505.6,123795.5,90668.34,117540,320267.5,337995.3,C3H7O7P
C13-label-1,3-Phosphoglyceric acid,0,0,0,0,0,15040.33,0,0,0,0,0,0,0,0,180548.9,0,0,0,0,0,0,0,0,0,C3H7O7P
C13-label-2,3-Phosphoglyceric acid,0,0,0,0,61817.73,34321.28,60221.18,0,0,0,0,0,0,0,0,0,0,0,0,0,0,0,0,0,C3H7O7P
C13-label-3,3-Phosphoglyceric acid,0,18325.71,0,0,15723.66,0,0,0,0,0,0,0,0,0,12216.33,0,0,0,0,0,0,0,17327.13,17450.65,C3H7O7P
C12 PARENT,Citric acid,611850.1,995983.3,1443563,589011.9,2664908,4530032,3663770,6112278,1488410,535050.2,2233662,2347880,1757536,6316000,5163338,2222395,626533.9,1810910,1206328,340963.9,505657.6,1269443,1810289,4573876,C6H8O7
C13-label-1,Citric acid,23525.35,115058.2,132531.5,18953.15,439207.4,568991.9,466596.2,426093.4,78346.16,15918.11,326775.7,359253.8,222957.1,769064.6,679698.8,266474.5,0,196425.5,118445.8,39178.75,25592.62,199321.1,374232.2,992197.4,C6H8O7
C13-label-2,Citric acid,0,253248.7,334546.5,87715.48,1266411,2119580,1560149,113776.1,80290.52,0,39970.02,106631.7,16717.31,40187.45,43021.32,18257.97,0,33051.31,198962.9,18454.85,143127.9,316043.3,453734.5,1138266,C6H8O7
C13-label-3,Citric acid,0,20485.17,21603.78,0,227380,280948.4,231932.5,25099.47,14031.82,0,12444.48,58693.09,0,0,0,0,0,16379.11,180262.4,25861.02,26043.66,264800.6,349175.5,774175,C6H8O7
C13-label-4,Citric acid,0,31701.19,12821.03,16226.53,223961.8,309873.3,204680.2,0,17748.25,0,10954.53,116273.1,0,0,0,19550.47,0,13703.64,350205,71034.07,136771.2,438827.9,913731.5,2290426,C6H8O7
C13-label-5,Citric acid,0,13132.01,0,0,0,52551.8,15496.19,0,0,41189.69,20953.41,35781.86,14405.61,0,0,0,0,0,322861.4,25114.61,56070.26,355312.9,379466.5,932416.2,C6H8O7
C13-label-6,Citric acid,0,0,0,0,84716.3,0,64712.86,0,0,0,0,0,0,0,0,0,0,0,0,0,0,0,0,0,C6H8O7
C12 PARENT,D-Erythrose 4-phosphate,0,0,0,0,0,0,12216.01,17149.55,0,0,10296.58,10286.07,0,0,7780.533,7864.424,9102.152,7205.789,0,0,8384.901,0,0,8330.815,C4H9O7P
C13-label-2,D-Erythrose 4-phosphate,0,0,0,0,0,0,0,0,0,0,0,0,0,0,0,0,0,0,0,0,0,0,0,0,C4H9O7P
C13-label-3,D-Erythrose 4-phosphate,0,0,0,0,0,0,0,0,0,0,0,0,0,0,0,0,0,0,0,0,7231.447,0,0,0,C4H9O7P
C13-label-4,D-Erythrose 4-phosphate,0,0,0,80323.25,0,62177.27,28503.41,0,0,0,0,79459.23,0,0,15110.67,0,0,61416.42,0,69297.8,0,0,0,0,C4H9O7P
